{"model":{"version":3,"nodes":[{"name":"RootNode","position":[0,0,0],"rotation":[0,0,0],"scale":[0.01,0.01,0.01],"scaleCompensation":false},{"name":"palmleaf_m_root","position":[0,0,0],"rotation":[0,0,0],"scale":[1,1,1],"scaleCompensation":false},{"name":"default","position":[0,0,0],"rotation":[0,0,0],"scale":[1,1,1],"scaleCompensation":false}],"parents":[-1,0,1],"skins":[],"morphs":[],"vertices":[{"position":{"type":"float32","components":3,"data":[-0.033588,-0.015742,0.002293,-0.024123,0.083316,-0.208503,0.033588,-0.015742,0.002293,0.024123,0.083316,-0.208503,-0.024123,0.083316,-0.208503,-0.024123,0.177938,-0.418652,0.024123,0.083316,-0.208503,0.024123,0.177938,-0.418652,0,0.348396,-2.0189,-0.055161,0.200245,-2.33351,-0.25231,0.058576,-2.44556,-0.231862,0.258215,-0.725267,0,0.255638,-0.545329,0,0.320352,-0.725267,0,0.320352,-0.725267,-0.349537,0.322714,-1.08273,-0.452824,0.154396,-1.14488,0,0.410452,-1.80731,-0.116016,0.295127,-2.04039,-0.371838,0.154396,-2.26124,0,0.410452,-1.80731,0.098966,0.295127,-2.02195,0,0.348396,-2.0189,0,0.453367,-1.44502,0.272234,0.346577,-1.76693,0,0.406637,-1.06571,0.393796,0.345246,-1.44502,0,0.453367,-1.44502,0,0.320352,-0.725267,0.349537,0.322714,-1.08273,0,0.406637,-1.06571,0.222074,0.058576,-2.45894,0.052641,0.200245,-2.31344,0,0.211856,-0.423593,0,0.255638,-0.545329,-0.337265,0.088327,-0.786216,0,0.252879,-2.34492,0,-0.016345,-2.80455,0,0.453367,-1.44502,-0.26336,0.295739,-1.73833,-0.443044,0.197911,-1.86705,0,0.406637,-1.06571,-0.393796,0.345245,-1.44502,-0.443044,0.197912,-1.50476,0.390822,0.154396,-2.27314,0,0.453367,-1.44502,0.443044,0.197912,-1.86705,0.272234,0.346577,-1.76693,0,0.406637,-1.06571,0.443044,0.197912,-1.50476,0.393796,0.345246,-1.44502,0,0.320352,-0.725267,0.452824,0.154396,-1.14488,0.349537,0.322714,-1.08273,-0.393796,0.345245,-1.44502,0,0.406637,-1.06571,0,0.406637,-1.06571,-0.349537,0.322714,-1.08273,0,0.320352,-0.725267,0,-0.016345,-2.80455,0,0.252879,-2.34492,0.231862,0.258215,-0.725267,0.452824,0.154396,-1.14488,0,0.320352,-0.725267,0.443044,0.197912,-1.50476,0.443044,0.197912,-1.86705,0.231862,0.258215,-0.725267,0,0.255638,-0.545329,0.337265,0.088327,-0.786216,0,0.255638,-0.545329,-0.337265,0.088327,-0.786216,0,0.255638,-0.545329,-0.231862,0.258215,-0.725267,-0.443044,0.197912,-1.50476,-0.452824,0.154396,-1.14488,0,0.031484,-0.004586,-0.024123,0.083316,-0.208503,-0.033588,-0.015742,0.002293,0,0.117234,-0.213444,0.337265,0.088327,-0.786216,0,0.255638,-0.545329,0,0.211856,-0.423593,-0.024123,0.177938,-0.418652,0.024123,0.177938,-0.418652,0.033588,-0.015742,0.002293,0,0.031484,-0.004586,-0.033588,-0.015742,0.002293,0,0.117234,-0.213444,0,0.031484,-0.004586,0.024123,0.083316,-0.208503,0.033588,-0.015742,0.002293]},"normal":{"type":"float32","components":3,"data":[0,-0.905,-0.4253,0,-0.905,-0.4253,0,-0.905,-0.4253,0,-0.905,-0.4253,0,-0.9118,-0.4106,0,-0.9118,-0.4106,0,-0.9118,-0.4106,0,-0.9118,-0.4106,-0.3852,0.8732,-0.2984,-0.5792,0.7526,-0.3132,-0.3946,0.8516,-0.3451,-0.2589,0.9659,0.0067,-0.2445,0.9124,0.3282,-0.2541,0.948,0.1914,-0.7031,0.1771,0.6887,-0.7031,0.1771,0.6887,-0.7031,0.1771,0.6887,-0.4012,0.9015,-0.1621,-0.2692,0.8943,-0.3573,-0.3736,0.9048,-0.2044,0.2633,0.9397,-0.2184,0.2531,0.8857,-0.3891,0.4701,0.8374,-0.279,0.243,0.9633,-0.1141,0.2542,0.9403,-0.2264,0.2629,0.9576,0.118,0.2609,0.9501,-0.1711,0.2647,0.9642,-0.0141,0.2377,0.9416,0.2386,0.2279,0.9688,-0.0971,0.2367,0.967,0.0938,0.4158,0.8417,-0.3445,0.6066,0.7327,-0.3084,-0.6927,0.6384,0.3356,-0.5781,0.7678,0.2761,-0.6106,0.7238,0.3213,-0.6925,0.6651,-0.2794,-0.6802,0.6325,-0.3705,-0.3077,0.9507,-0.0398,-0.4145,0.9009,-0.1287,-0.2795,0.9228,-0.2652,-0.6872,-0.0638,0.7237,-0.6872,-0.0638,0.7237,-0.6872,-0.0638,0.7237,0.1996,0.9197,-0.3381,0.7227,0.5392,0.4323,0.7227,0.5392,0.4323,0.7227,0.5392,0.4323,0.6872,-0.0638,0.7237,0.6872,-0.0638,0.7237,0.6872,-0.0638,0.7237,0.7031,0.1771,0.6887,0.7031,0.1771,0.6887,0.7031,0.1771,0.6887,-0.2609,0.9501,-0.1711,-0.2629,0.9576,0.118,-0.2367,0.967,0.0938,-0.2279,0.9688,-0.0971,-0.2377,0.9416,0.2386,0.7588,0.562,-0.3292,0.7563,0.5988,-0.2635,0.2589,0.9659,0.0067,0.2575,0.9609,-0.1021,0.2541,0.9481,0.1914,0.2163,0.9482,-0.2325,0.2532,0.9222,-0.2924,0.6096,0.0959,0.7869,0.6096,0.0959,0.7869,0.6096,0.0959,0.7869,0.2445,0.9124,0.3282,-0.6096,0.0959,0.7869,-0.6096,0.0959,0.7869,-0.6096,0.0959,0.7869,-0.2163,0.9482,-0.2325,-0.2575,0.9609,-0.1021,-0.7741,0.5856,0.2404,-0.7719,0.5852,0.2484,-0.7741,0.5856,0.2404,-0.7701,0.5848,0.2549,0.6106,0.7238,0.3213,0.5781,0.7678,0.2761,0.6927,0.6384,0.3356,-0.7346,0.5749,0.3603,0.7346,0.5749,0.3603,0,0.1442,0.9896,0,0.1442,0.9896,0,0.1442,0.9896,0.7701,0.5848,0.2549,0.7741,0.5856,0.2404,0.7719,0.5852,0.2484,0.7741,0.5856,0.2404]},"texCoord0":{"type":"float32","components":2,"data":[0.442371,0.948226,0.442138,0.943479,0.443727,0.948106,0.443121,0.943422,0.442138,0.943479,0.442044,0.938762,0.443121,0.943422,0.443014,0.938742,0.441102,0.906422,0.442595,0.900468,0.446546,0.898047,0.446094,0.931845,0.441233,0.935768,0.441162,0.93142,0.441162,0.93142,0.447979,0.924165,0.451784,0.924717,0.440987,0.910222,0.443299,0.905885,0.448145,0.901694,0.440987,0.910222,0.439166,0.906066,0.441102,0.906422,0.440917,0.916618,0.436104,0.910648,0.441041,0.924018,0.433689,0.916667,0.440917,0.916618,0.441162,0.93142,0.434113,0.924393,0.441041,0.924018,0.436573,0.897522,0.439899,0.9007,0.441275,0.938376,0.441233,0.935768,0.450009,0.932849,0.441282,0.900602,0.441506,0.891487,0.440917,0.916618,0.446026,0.911139,0.449522,0.908662,0.441041,0.924018,0.448151,0.916426,0.451051,0.916859,0.433902,0.901185,0.440917,0.916618,0.432065,0.908967,0.436104,0.910648,0.441041,0.924018,0.430805,0.917195,0.433689,0.916667,0.441162,0.93142,0.430329,0.925068,0.434113,0.924393,0.448151,0.916426,0.441041,0.924018,0.441041,0.924018,0.447979,0.924165,0.441162,0.93142,0.441506,0.891487,0.441282,0.900602,0.436248,0.932005,0.430329,0.925068,0.441162,0.93142,0.430805,0.917195,0.432065,0.908967,0.436248,0.932005,0.441233,0.935768,0.432369,0.933136,0.441233,0.935768,0.450009,0.932849,0.441233,0.935768,0.446094,0.931845,0.451051,0.916859,0.451784,0.924717,0.441314,0.947722,0.442138,0.943479,0.442371,0.948226,0.441358,0.943113,0.432369,0.933136,0.441233,0.935768,0.441275,0.938376,0.442044,0.938762,0.44052,0.938787,0.441197,0.948887,0.441314,0.947722,0.442371,0.948226,0.441358,0.943113,0.441314,0.947722,0.440585,0.943484,0.440232,0.948205]}}],"meshes":[{"aabb":{"min":[-0.452824,-0.016345,-2.80455],"max":[0.452824,0.453367,0.002293]},"vertices":0,"indices":[0,1,2,2,1,3,4,5,6,6,5,7,8,9,10,11,12,13,14,15,16,17,18,19,20,21,22,23,24,20,25,26,27,28,29,30,31,32,22,33,34,35,36,37,9,38,39,40,41,42,43,20,44,21,45,46,47,48,49,50,51,52,53,8,18,17,17,39,38,38,54,55,56,57,58,32,59,60,61,62,63,29,64,30,26,65,27,66,67,68,63,69,61,70,71,72,24,44,20,18,8,10,21,31,22,54,38,40,57,56,73,11,13,74,75,76,77,76,75,78,79,80,81,39,17,19,8,36,9,22,32,60,82,33,35,83,79,81,84,85,86,87,88,89,90,89,88,81,87,83,89,83,87,78,82,76,82,78,33],"type":"triangles","base":0,"count":159}],"meshInstances":[{"node":2,"mesh":0}]}}