{"animation":{"version":4,"name":"Take 001","duration":1.17549e-38,"nodes":[{"name":"Sphere012","defaults":{"p":[0,-2.37369,-1.03757e-07],"r":[-90,-3.50835e-15,90],"s":[0.764184,0.806489,1.02978]},"keys":[{"t":0}]}]}}