{"model":{"version":3,"nodes":[{"name":"RootNode","position":[0,0,0],"rotation":[0,0,0],"scale":[0.001,0.001,0.001],"scaleCompensation":false},{"name":"Tube001","position":[0,0,0],"rotation":[180,-0,0],"scale":[0.895977,0.895977,0.895977],"scaleCompensation":false}],"parents":[-1,0],"skins":[],"morphs":[],"vertices":[{"position":{"type":"float32","components":3,"data":[5.41349,27.2155,34.0748,-1.21293e-06,27.7487,-34.0748,-1.21293e-06,27.7487,34.0748,5.41349,27.2155,-34.0748,3.66971,18.4489,34.0748,5.41349,27.2155,34.0748,-1.21293e-06,27.7487,34.0748,-8.22226e-07,18.8103,34.0748,3.66971,18.4489,-34.0748,3.66971,18.4489,34.0748,-8.22226e-07,18.8103,34.0748,-8.22226e-07,18.8103,-34.0748,-1.21293e-06,27.7487,-34.0748,3.66971,18.4489,-34.0748,-8.22226e-07,18.8103,-34.0748,5.41349,27.2155,-34.0748,10.619,25.6364,34.0748,10.619,25.6364,-34.0748,10.619,25.6364,34.0748,7.1984,17.3785,34.0748,7.1984,17.3785,-34.0748,7.1984,17.3785,34.0748,10.619,25.6364,-34.0748,7.1984,17.3785,-34.0748,15.4163,23.0722,34.0748,15.4163,23.0722,-34.0748,10.4505,15.6402,34.0748,15.4163,23.0722,34.0748,10.4505,15.6402,-34.0748,10.4505,15.6402,34.0748,10.4505,15.6402,-34.0748,15.4163,23.0722,-34.0748,19.6213,19.6213,34.0748,19.6213,19.6213,-34.0748,19.6213,19.6213,34.0748,13.3009,13.3009,34.0748,13.3009,13.3009,-34.0748,13.3009,13.3009,34.0748,19.6213,19.6213,-34.0748,13.3009,13.3009,-34.0748,23.0722,15.4163,34.0748,23.0722,15.4163,-34.0748,15.6402,10.4505,34.0748,23.0722,15.4163,34.0748,15.6402,10.4505,-34.0748,15.6402,10.4505,34.0748,15.6402,10.4505,-34.0748,23.0722,15.4163,-34.0748,25.6364,10.619,34.0748,25.6364,10.619,-34.0748,25.6364,10.619,34.0748,17.3785,7.1984,34.0748,17.3785,7.1984,-34.0748,17.3785,7.1984,34.0748,25.6364,10.619,-34.0748,17.3785,7.1984,-34.0748,27.2155,5.4135,34.0748,27.2155,5.4135,-34.0748,27.2155,5.4135,34.0748,18.4489,3.66972,34.0748,18.4489,3.66972,-34.0748,18.4489,3.66972,34.0748,27.2155,5.4135,-34.0748,18.4489,3.66972,-34.0748,27.7487,8.26975e-07,34.0748,27.7487,8.26975e-07,-34.0748,18.8103,5.60592e-07,34.0748,27.7487,8.26975e-07,34.0748,18.8103,5.60592e-07,-34.0748,18.8103,5.60592e-07,34.0748,18.8103,5.60592e-07,-34.0748,27.7487,8.26975e-07,-34.0748,27.2155,-5.4135,34.0748,27.2155,-5.4135,-34.0748,18.4489,-3.66971,34.0748,27.2155,-5.4135,34.0748,18.4489,-3.66971,-34.0748,18.4489,-3.66971,34.0748,18.4489,-3.66971,-34.0748,27.2155,-5.4135,-34.0748,25.6364,-10.619,34.0748,25.6364,-10.619,-34.0748,17.3785,-7.1984,34.0748,25.6364,-10.619,34.0748,17.3785,-7.1984,-34.0748,17.3785,-7.1984,34.0748,17.3785,-7.1984,-34.0748,25.6364,-10.619,-34.0748,23.0722,-15.4163,34.0748,23.0722,-15.4163,-34.0748,23.0722,-15.4163,34.0748,15.6402,-10.4505,34.0748,15.6402,-10.4505,-34.0748,15.6402,-10.4505,34.0748,23.0722,-15.4163,-34.0748,15.6402,-10.4505,-34.0748,19.6213,-19.6213,34.0748,19.6213,-19.6213,-34.0748,19.6213,-19.6213,34.0748,13.3009,-13.3009,34.0748,13.3009,-13.3009,-34.0748,13.3009,-13.3009,34.0748,19.6213,-19.6213,-34.0748,13.3009,-13.3009,-34.0748,15.4163,-23.0722,34.0748,15.4163,-23.0722,-34.0748,10.4505,-15.6402,34.0748,15.4163,-23.0722,34.0748,10.4505,-15.6402,-34.0748,10.4505,-15.6402,34.0748,10.4505,-15.6402,-34.0748,15.4163,-23.0722,-34.0748,10.619,-25.6364,34.0748,10.619,-25.6364,-34.0748,10.619,-25.6364,34.0748,7.1984,-17.3785,34.0748,7.1984,-17.3785,-34.0748,7.1984,-17.3785,34.0748,10.619,-25.6364,-34.0748,7.1984,-17.3785,-34.0748,5.4135,-27.2155,34.0748,5.4135,-27.2155,-34.0748,5.4135,-27.2155,34.0748,3.66972,-18.4489,34.0748,3.66972,-18.4489,-34.0748,3.66972,-18.4489,34.0748,5.4135,-27.2155,-34.0748,3.66972,-18.4489,-34.0748,2.09497e-06,-27.7487,34.0748,2.09497e-06,-27.7487,-34.0748,1.42014e-06,-18.8103,34.0748,2.09497e-06,-27.7487,34.0748,1.42014e-06,-18.8103,-34.0748,1.42014e-06,-18.8103,34.0748,1.42014e-06,-18.8103,-34.0748,2.09497e-06,-27.7487,-34.0748,-5.41349,-27.2155,34.0748,-5.41349,-27.2155,-34.0748,-5.41349,-27.2155,34.0748,-3.66971,-18.4489,34.0748,-3.66971,-18.4489,-34.0748,-3.66971,-18.4489,34.0748,-5.41349,-27.2155,-34.0748,-3.66971,-18.4489,-34.0748,-10.619,-25.6364,34.0748,-10.619,-25.6364,-34.0748,-10.619,-25.6364,34.0748,-7.1984,-17.3785,34.0748,-7.1984,-17.3785,-34.0748,-7.1984,-17.3785,34.0748,-10.619,-25.6364,-34.0748,-7.1984,-17.3785,-34.0748,-15.4163,-23.0722,34.0748,-15.4163,-23.0722,-34.0748,-10.4505,-15.6402,34.0748,-15.4163,-23.0722,34.0748,-10.4505,-15.6402,-34.0748,-10.4505,-15.6402,34.0748,-10.4505,-15.6402,-34.0748,-15.4163,-23.0722,-34.0748,-19.6213,-19.6213,34.0748,-19.6213,-19.6213,-34.0748,-19.6213,-19.6213,34.0748,-13.3009,-13.3009,34.0748,-13.3009,-13.3009,-34.0748,-13.3009,-13.3009,34.0748,-19.6213,-19.6213,-34.0748,-13.3009,-13.3009,-34.0748,-23.0722,-15.4163,34.0748,-23.0722,-15.4163,-34.0748,-23.0722,-15.4163,34.0748,-15.6402,-10.4505,34.0748,-15.6402,-10.4505,-34.0748,-15.6402,-10.4505,34.0748,-15.6402,-10.4505,-34.0748,-23.0722,-15.4163,-34.0748,-25.6364,-10.619,34.0748,-25.6364,-10.619,-34.0748,-25.6364,-10.619,34.0748,-17.3785,-7.1984,34.0748,-17.3785,-7.1984,-34.0748,-17.3785,-7.1984,34.0748,-25.6364,-10.619,-34.0748,-17.3785,-7.1984,-34.0748,-27.2155,-5.41349,34.0748,-27.2155,-5.41349,-34.0748,-27.2155,-5.41349,34.0748,-18.4489,-3.66971,34.0748,-18.4489,-3.66971,-34.0748,-18.4489,-3.66971,34.0748,-27.2155,-5.41349,-34.0748,-18.4489,-3.66971,-34.0748,-27.7487,9.04167e-06,34.0748,-27.7487,9.04167e-06,-34.0748,-18.8103,6.12919e-06,34.0748,-27.7487,9.04167e-06,34.0748,-18.8103,6.12919e-06,-34.0748,-18.8103,6.12919e-06,34.0748,-18.8103,6.12919e-06,-34.0748,-27.7487,9.04167e-06,-34.0748,-27.2155,5.41351,34.0748,-27.2155,5.41351,-34.0748,-27.2155,5.41351,34.0748,-18.4489,3.66972,34.0748,-18.4489,3.66972,-34.0748,-18.4489,3.66972,34.0748,-27.2155,5.41351,-34.0748,-18.4489,3.66972,-34.0748,-25.6364,10.619,34.0748,-25.6364,10.619,-34.0748,-25.6364,10.619,34.0748,-17.3785,7.19841,34.0748,-17.3785,7.19841,-34.0748,-17.3785,7.19841,34.0748,-25.6364,10.619,-34.0748,-17.3785,7.19841,-34.0748,-23.0722,15.4163,34.0748,-23.0722,15.4163,-34.0748,-15.6402,10.4505,34.0748,-23.0722,15.4163,34.0748,-15.6402,10.4505,-34.0748,-15.6402,10.4505,34.0748,-15.6402,10.4505,-34.0748,-23.0722,15.4163,-34.0748,-19.6213,19.6213,34.0748,-19.6213,19.6213,-34.0748,-13.3009,13.3009,34.0748,-19.6213,19.6213,34.0748,-13.3009,13.3009,-34.0748,-13.3009,13.3009,34.0748,-13.3009,13.3009,-34.0748,-19.6213,19.6213,-34.0748,-15.4163,23.0722,34.0748,-15.4163,23.0722,-34.0748,-15.4163,23.0722,34.0748,-10.4505,15.6402,34.0748,-10.4505,15.6402,-34.0748,-10.4505,15.6402,34.0748,-15.4163,23.0722,-34.0748,-10.4505,15.6402,-34.0748,-10.6189,25.6364,34.0748,-10.6189,25.6364,-34.0748,-7.19839,17.3785,34.0748,-10.6189,25.6364,34.0748,-7.19839,17.3785,-34.0748,-7.19839,17.3785,34.0748,-7.19839,17.3785,-34.0748,-10.6189,25.6364,-34.0748,-5.41347,27.2155,34.0748,-5.41347,27.2155,-34.0748,-5.41347,27.2155,34.0748,-3.6697,18.4489,34.0748,-3.6697,18.4489,-34.0748,-3.6697,18.4489,34.0748,-5.41347,27.2155,-34.0748,-3.6697,18.4489,-34.0748,-1.21293e-06,27.7487,34.0748,-1.21293e-06,27.7487,-34.0748,-1.21293e-06,27.7487,34.0748,-8.22226e-07,18.8103,34.0748,-8.22226e-07,18.8103,-34.0748,-8.22226e-07,18.8103,34.0748,-8.22226e-07,18.8103,-34.0748,-1.21293e-06,27.7487,-34.0748]},"normal":{"type":"float32","components":3,