{"model":{"version":3,"nodes":[{"name":"RootNode","position":[0,0,0],"rotation":[0,0,0],"scale":[0.01,0.01,0.01],"scaleCompensation":false},{"name":"Object006","position":[0,0,0],"rotation":[-90,-1.66655e-07,-4.23079e-15],"scale":[1.60093,1.60094,2.0365],"scaleCompensation":false}],"parents":[-1,0],"skins":[],"morphs":[],"vertices":[{"position":{"type":"float32","components":3,"data":[-6.67356e-07,1.12199e-08,-11.9055,20.0482,8.30423,3.61445,21.7,2.71073e-07,3.61445,-6.67356e-07,1.12199e-08,-11.9055,15.3442,15.3442,3.61445,20.0482,8.30423,3.61445,-6.67356e-07,1.12199e-08,-11.9055,8.30423,20.0482,3.61445,15.3442,15.3442,3.61445,-3.56956e-06,21.7,3.61445,8.30423,20.0482,3.61445,8.30423,-20.0482,3.61445,-2.36226e-06,-21.7,3.61445,15.3442,-15.3442,3.61445,8.30423,-20.0482,3.61445,20.0482,-8.30423,3.61445,15.3442,-15.3442,3.61445,21.7,2.71073e-07,3.61445,20.0482,-8.30423,3.61445,21.7,3.16801e-07,4.70216,20.0482,8.30423,3.61445,20.0482,8.30423,4.70216,21.7,2.71073e-07,3.61445,20.0482,8.30423,4.70216,15.3442,15.3442,3.61445,15.3442,15.3442,4.70216,20.0482,8.30423,3.61445,8.30423,20.0482,4.70216,15.3442,15.3442,4.70216,15.3442,15.3442,3.61445,8.30423,20.0482,3.61445,8.30423,20.0482,4.70216,-3.56956e-06,21.7,3.61445,-3.69414e-06,21.7,4.70216,8.30423,20.0482,3.61445,8.30423,-20.0482,4.70216,-2.48684e-06,-21.7,4.70216,-2.36226e-06,-21.7,3.61445,8.30423,-20.0482,3.61445,8.30423,-20.0482,4.70216,15.3442,-15.3442,3.61445,15.3442,-15.3442,4.70216,8.30423,-20.0482,3.61445,20.0482,-8.30423,4.70216,15.3442,-15.3442,4.70216,15.3442,-15.3442,3.61445,20.0482,-8.30423,3.61445,20.0482,-8.30423,4.70216,21.7,2.71073e-07,3.61445,21.7,3.16801e-07,4.70216,20.0482,-8.30423,3.61445,20.0482,8.30423,4.70216,15.3442,15.3442,4.70216,10.7019,10.5489,9.79534,8.30423,20.0482,4.70216,-3.69414e-06,21.7,4.70216,-8.42295e-06,14.9197,9.79534,15.3442,-15.3442,4.70216,8.30423,-20.0482,4.70216,8.30423,-20.0482,4.70216,10.7019,-10.5551,9.79534,20.0482,-8.30423,4.70216,21.7,3.16801e-07,4.70216,15.0727,-0.00310556,9.79534,10.7019,10.5489,9.79534,4.52067,10.5489,11.9055,10.7019,4.36769,11.9055,10.7019,-10.5551,9.79534,10.7019,-4.3739,11.9055,4.52068,-10.5552,11.9055,4.52068,-10.5552,11.9055,10.7019,4.36769,11.9055,4.52067,10.5489,11.9055,10.7019,-4.3739,11.9055,15.0727,-0.00310556,9.79534,-8.42295e-06,14.9197,9.79534,-7.28748e-06,10.5489,11.9055,-1.43492e-07,-14.926,9.79534,-1.08025e-06,-10.5552,11.9055,-1.43492e-07,-14.926,9.79534,-2.48684e-06,-21.7,4.70216,8.30423,-20.0482,4.70216,10.7019,-10.5551,9.79534,15.3442,-15.3442,4.70216,20.0482,-8.30423,4.70216,15.0727,-0.00310556,9.79534,21.7,3.16801e-07,4.70216,20.0482,8.30423,4.70216,10.7019,10.5489,9.79534,15.3442,15.3442,4.70216,8.30423,20.0482,4.70216,20.0482,8.30423,4.70216,10.7019,4.36769,11.9055,15.0727,-0.00310556,9.79534,10.7019,10.5489,9.79534,4.52067,10.5489,11.9055,8.30423,20.0482,4.70216,-8.42295e-06,14.9197,9.79534,4.52068,-10.5552,11.9055,8.30423,-20.0482,4.70216,10.7019,-10.5551,9.79534,-1.43492e-07,-14.926,9.79534,8.30423,-20.0482,4.70216,20.0482,-8.30423,4.70216,10.7019,-4.3739,11.9055,-6.67356e-07,1.12199e-08,-11.9055,-2.36226e-06,-21.7,3.61445,-2.48684e-06,-21.7,4.70216,-1.08025e-06,-10.5552,11.9055,-7.28748e-06,10.5489,11.9055,-1.43492e-07,-14.926,9.79534,-3.69414e-06,21.7,4.70216,-3.56956e-06,21.7,3.61445,-8.42295e-06,14.9197,9.79534,-1.08025e-06,-10.5552,11.9055,-7.28748e-06,10.5489,11.9055]},"normal":{"type":"float32","components":3,"data":[0.577877,0.114947,-0.807989,0.577877,0.114947,-0.807989,0.577877,0.114947,-0.807989,0.421811,0.0839035,-0.902793,0.4899,0.327341,-0.807989,0.4899,0.327341,-0.807989,0.354439,-0.157914,-0.921649,0.327341,0.4899,-0.807989,0.327341,0.4899,-0.807989,0.114947,0.577877,-0.807989,0.114947,0.577877,-0.807989,0.114947,-0.577877,-0.807989,0.114947,-0.577877,-0.807989,0.327341,-0.4899,-0.807989,0.327341,-0.4899,-0.807989,0.4899,-0.327341,-0.807989,0.4899,-0.327341,-0.807989,0.577877,-0.114947,-0.807989,0.577877,-0.114947,-0.807989,0.980785,0.19509,-1.81216e-07,0.980785,0.19509,-1.81216e-07,0.980785,0.19509,-1.81216e-07,0.980785,0.19509,-1.81216e-07,0.83147,0.55557,-1.76039e-06,0.83147,0.55557,-1.76039e-06,0.83147,0.55557,-1.76039e-06,0.83147,0.55557,-1.76039e-06,0.55557,0.83147,-1.96749e-06,0.55557,0.83147,-1.96749e-06,0.55557,0.83147,-1.96749e-06,0.55557,0.83147,-1.96749e-06,0.195091,0.980785,-8.80193e-07,0.195091,0.980785,-8.80193e-07,0.195091,0.980785,-8.80193e-07,0.195091,0.980785,-8.80193e-07,0.19509,-0.980785,-3.44311e-06,0.19509,-0.980785,-3.44311e-06,0.19509,-0.980785,-3.44311e-06,0.19509,-0.980785,-3.44311e-06,0.55557,-0.831469,-1.91571e-06,0.55557,-0.83147,-1.91571e-06,0.55557,-0.831469,-1.91571e-06,0.55557,-0.831469,-1.91571e-06,0.83147,-0.55557,-1.24263e-06,0.83147,-0.55557,-1.24263e-06,0.83147,-0.55557,-1.24263e-06,0.83147,-0.55557,-1.24263e-06,0.980785,-0.19509,0,0.980785,-0.19509,0,0.980785,-0.19509,0,0.980785,-0.19509,0,0.511657,0.341878,0.788243,0.511657,0.341878,0.788243,0.511657,0.341878,0.788243,0.118624,0.596361,0.793903,0.118624,0.596361,0.793903,0.118624,0.596361,0.793903,0.340675,-0.509856,0.789929,0.340675,-0.509856,0.789929,0.340675,-0.509856,0.789929,0.340675,-0.509856,0.789929,0.604963,-0.120335,0.787108,0.604963,-0.120335,0.787108,0.604963,-0.120335,0.787108,0.307424,0.307425,0.900545,0.157463,0.375686,0.913272,0.37634,0.155885,0.913273,0.307425,-0.307425,0.900544,0.37634,-0.155885,0.913273,0.157463,-0.375686,0.913272,1.26992e-07,-1.84411e-07,1,-4.62855e-07,-1.91721e-07,1,1.26993e-07,-1.84411e-07,1,-4.62855e-07,-1.91721e-07,1,0.434765,2.37156e-07,0.900544,0,0.434765,0.900544,0,0.434765,0.900544,7.38906e-07,-0.434765,0.900544,7.38906e-07,-0.434765,0.900544,0.118692,-0.596706,0.793634,0.118692,-0.596706,0.793634,0.118692,-0.596706,0.793634,0.511825,-0.34199,0.788085,0.511825,-0.34199,0.788085,0.511825,-0.34199,0.788085,0.604893,0.120321,0.787164,0.604893,0.120321,0.787164,0.604893,0.120321,0.787164,0.340508,0.509606,0.790162,0.340508,0.509606,0.790162,0.340508,0.509606,0.790162,0.535003,0.221605,0.815269,0.535003,0.221605,0.815269,0.548689,-4.46888e-05,0.836026,0.386709,0.386425,0.837336,0.217756,0.533179,0.817498,0.217756,0.533179,0.817498,0.217756,0.533179,0.817498,0.217839,-0.533379,0.817345,0.217839,-0.533379,0.817345,0.386772,-0.386577,0.837237,0.217839,-0.533379,0.817345,0.217839,-0.533379,0.817345,0.535086,-0.22164,0.815205,0.535086,-0.22164,0.815205,-1,-9.32757e-08,-1.54162e-07,-1,-3.8084e-09,-1.14533e-07,-1,4.32798e-08,-2.43886e-09,-1,-8.22866e-08,-1.94135e-08,-1,-8.99114e-08,-2.92379e-07,-1,7.6568e-08,7.68042e-08,-1,1.55958e-08,-2.82271e-07,-1,-5.18276e-08,-1.14533e-07,-1,6.3276e-08,-4.00891e-07,4.21916e-07,-1.80756e-07,1,4.21916e-07,-1.80756e-07,1]},"texCoord0":{"type":"float32","components":2,