{"animation":{"version":4,"name":"Take 001","duration":1.17549e-38,"nodes":[{"name":"Object001","defaults":{"p":[0,0,0],"r":[-90,-3.50835e-15,90],"s":[0.404221,0.546558,0.546558]},"keys":[{"t":0}]}]}}