{"animation":{"version":4,"name":"Take 001","duration":1.17549e-38,"nodes":[{"name":"12326","defaults":{"p":[0,0,0],"r":[-79.9865,20.4498,26.8107],"s":[0.014667,0.014667,0.014667]},"keys":[{"t":0}]}]}}