{"model":{"version":3,"nodes":[{"name":"RootNode","position":[0,0,0],"rotation":[0,0,0],"scale":[0.001,0.001,0.001],"scaleCompensation":false},{"name":"Tube002","position":[0,0,0],"rotation":[180,-0,0],"scale":[0.895977,0.895977,0.895977],"scaleCompensation":false}],"parents":[-1,0],"skins":[],"morphs":[],"vertices":[{"position":{"type":"float32","components":3,"data":[-5.41349,-27.2155,34.0748,2.09497e-06,-27.7487,-34.0748,2.09497e-06,-27.7487,34.0748,-5.41349,-27.2155,-34.0748,1.42014e-06,-18.8103,34.0748,-5.41349,-27.2155,34.0748,2.09497e-06,-27.7487,34.0748,-3.66971,-18.4489,34.0748,-3.66971,-18.4489,-34.0748,-3.66971,-18.4489,34.0748,1.42014e-06,-18.8103,34.0748,1.42014e-06,-18.8103,-34.0748,-5.41349,-27.2155,-34.0748,1.42014e-06,-18.8103,-34.0748,2.09497e-06,-27.7487,-34.0748,-3.66971,-18.4489,-34.0748,-10.619,-25.6364,34.0748,-10.619,-25.6364,-34.0748,-10.619,-25.6364,34.0748,-7.1984,-17.3785,34.0748,-7.1984,-17.3785,-34.0748,-7.1984,-17.3785,34.0748,-10.619,-25.6364,-34.0748,-7.1984,-17.3785,-34.0748,-15.4163,-23.0722,34.0748,-15.4163,-23.0722,-34.0748,-10.4505,-15.6402,34.0748,-15.4163,-23.0722,34.0748,-10.4505,-15.6402,-34.0748,-10.4505,-15.6402,34.0748,-10.4505,-15.6402,-34.0748,-15.4163,-23.0722,-34.0748,-19.6213,-19.6213,34.0748,-19.6213,-19.6213,-34.0748,-19.6213,-19.6213,34.0748,-13.3009,-13.3009,34.0748,-13.3009,-13.3009,-34.0748,-13.3009,-13.3009,34.0748,-19.6213,-19.6213,-34.0748,-13.3009,-13.3009,-34.0748,-23.0722,-15.4163,34.0748,-23.0722,-15.4163,-34.0748,-23.0722,-15.4163,34.0748,-15.6402,-10.4505,34.0748,-15.6402,-10.4505,-34.0748,-15.6402,-10.4505,34.0748,-15.6402,-10.4505,-34.0748,-23.0722,-15.4163,-34.0748,-25.6364,-10.619,34.0748,-25.6364,-10.619,-34.0748,-25.6364,-10.619,34.0748,-17.3785,-7.1984,34.0748,-17.3785,-7.1984,-34.0748,-17.3785,-7.1984,34.0748,-25.6364,-10.619,-34.0748,-17.3785,-7.1984,-34.0748,-27.2155,-5.41349,34.0748,-27.2155,-5.41349,-34.0748,-27.2155,-5.41349,34.0748,-18.4489,-3.66971,34.0748,-18.4489,-3.66971,-34.0748,-18.4489,-3.66971,34.0748,-27.2155,-5.41349,-34.0748,-18.4489,-3.66971,-34.0748,-27.7487,9.04167e-06,34.0748,-27.7487,9.04167e-06,-34.0748,-18.8103,6.12919e-06,34.0748,-27.7487,9.04167e-06,34.0748,-18.8103,6.12919e-06,-34.0748,-18.8103,6.12919e-06,34.0748,-18.8103,6.12919e-06,-34.0748,-27.7487,9.04167e-06,-34.0748,-27.2155,5.41351,34.0748,-27.2155,5.41351,-34.0748,-27.2155,5.41351,34.0748,-18.4489,3.66972,34.0748,-18.4489,3.66972,-34.0748,-18.4489,3.66972,34.0748,-27.2155,5.41351,-34.0748,-18.4489,3.66972,-34.0748,-25.6364,10.619,34.0748,-25.6364,10.619,-34.0748,-25.6364,10.619,34.0748,-17.3785,7.19841,34.0748,-17.3785,7.19841,-34.0748,-17.3785,7.19841,34.0748,-25.6364,10.619,-34.0748,-17.3785,7.19841,-34.0748,-23.0722,15.4163,34.0748,-23.0722,15.4163,-34.0748,-15.6402,10.4505,34.0748,-23.0722,15.4163,34.0748,-15.6402,10.4505,-34.0748,-15.6402,10.4505,34.0748,-15.6402,10.4505,-34.0748,-23.0722,15.4163,-34.0748,-19.6213,19.6213,34.0748,-19.6213,19.6213,-34.0748,-13.3009,13.3009,34.0748,-19.6213,19.6213,34.0748,-13.3009,13.3009,-34.0748,-13.3009,13.3009,34.0748,-13.3009,13.3009,-34.0748,-19.6213,19.6213,-34.0748,-15.4163,23.0722,34.0748,-15.4163,23.0722,-34.0748,-15.4163,23.0722,34.0748,-10.4505,15.6402,34.0748,-10.4505,15.6402,-34.0748,-10.4505,15.6402,34.0748,-15.4163,23.0722,-34.0748,-10.4505,15.6402,-34.0748,-10.6189,25.6364,34.0748,-10.6189,25.6364,-34.0748,-7.19839,17.3785,34.0748,-10.6189,25.6364,34.0748,-7.19839,17.3785,-34.0748,-7.19839,17.3785,34.0748,-7.19839,17.3785,-34.0748,-10.6189,25.6364,-34.0748,-5.41347,27.2155,34.0748,-5.41347,27.2155,-34.0748,-5.41347,27.2155,34.0748,-3.6697,18.4489,34.0748,-3.6697,18.4489,-34.0748,-3.6697,18.4489,34.0748,-5.41347,27.2155,-34.0748,-3.6697,18.4489,-34.0748,-1.21293e-06,27.7487,34.0748,-1.21293e-06,27.7487,-34.0748,-1.21293e-06,27.7487,34.0748,-8.22226e-07,18.8103,34.0748,-8.22226e-07,18.8103,-34.0748,-8.22226e-07,18.8103,34.0748,-8.22226e-07,18.8103,-34.0748,-1.21293e-06,27.7487,-34.0748,2.09497e-06,-27.7487,34.0748,2.09497e-06,-27.7487,-34.0748,1.42014e-06,-18.8103,34.0748,1.42014e-06,-18.8103,-34.0748,-8.22226e-07,18.8103,34.0748,-8.22226e-07,18.8103,-34.0748,-1.21293e-06,27.7487,34.0748,-1.21293e-06,27.7487,-34.0748]},"normal":{"type":"float32","components":3,"data":[-0.19509,-0.980785,0,-0.098017,-0.995185,0,-0.098017,-0.995185,0,-0.19509,-0.980785,0,0,0,1,0,0,1,0,0,1,0,0,1,0.19509,0.980785,0,0.19509,0.980785,0,0.098017,0.995185,0,0.098017,0.995185,0,0,0,-1,0,0,-1,0,0,-1,0,0,-1,-0.382683,-0.92388,0,-0.382683,-0.92388,0,0,0,1,0,0,1,0.382683,0.92388,0,0.382683,0.92388,0,0,0,-1,0,0,-1,-0.55557,-0.83147,0,-0.55557,-0.83147,0,0,0,1,0,0,1,0.55557,0.83147,0,0.55557,0.83147,0,0,0,-1,0,0,-1,-0.707107,-0.707107,0,-0.707107,-0.707107,0,0,0,1,0,0,1,0.707107,0.707107,0,0.707107,0.707107,0,0,0,-1,0,0,-1,-0.83147,-0.55557,0,-0.83147,-0.55557,0,0,0,1,0,0,1,0.83147,0.55557,0,0.83147,0.55557,0,0,0,-1,0,0,-1,-0.92388,-0.382683,0,-0.92388,-0.382683,0,0,0,1,0,0,1,0.92388,0.382683,0,0.92388,0.382683,0,0,0,-1,0,0,-1,-0.980785,-0.19509,0,-0.980785,-0.19509,0,0,0,1,0,0,1,0.980785,0.19509,0,0.980785,0.19509,0,0,0,-1,0,0,-1,-1,3.47928e-07,0,-1,3.47928e-07,0,0,0,1,0,0,1,1,-2.52605e-07,0,1,-2.52605e-07,0,0,0,-1,0,0,-1,-0.980785,0.195091,0,-0.980785,0.195091,0,0,0,1,0,0,1,0.980785,-0.195091,0,0.980785,-0.195091,0,0,0,-1,0,0,-1,-0.923879,0.382684,0,-0.923879,0.382684,0,0,0,1,0,0,1,0.923879,-0.382684,0,0.923879,-0.382684,0,0,0,-1,0,0,-1,-0.831469,0.555571,0,-0.831469,0.555571,0,0,0,1,0,0,1,0.831469,-0.555571,0,0.831469,-0.555571,0,0,0,-1,0,0,-1,-0.707106,0.707107,0,-0.707106,0.707107,0,0,0,1,0,0,1,0.707106,-0.707107,0,0.707106,-0.707107,0,0,0,-1,0,0,-1,-0.55557,0.83147,0,-0.55557,0.83147,0,0,0,1,0,0,1,0.55557,-0.83147,0,0.55557,-0.83147,0,0,0,-1,0,0,-1,-0.382683,0.92388,0,-0.382683,0.92388,0,0,0,1,0,0,1,0.382683,-0.92388,0,0.382683,-0.92388,0,0,0,-1,0,0,-1,-0.19509,0.980785,0,-0.19509,0.980785,0,0,0,1,0,0,1,0.19509,-0.980785,0,0.19509,-0.980785,0,0,0,-1,0,0,-1,-0.0980168,0.995185,0,-0.0980168,0.995185,0,0,0,1,0,0,1,0.098017,-0.995185,0,0.098017,-0.995185,0,0,0,-1,0,0,-1,1,7.54979e-08,0,1,7.54979e-08,0,1,7.54979e-08,0,1,7.54979e-08,0,1,4.37114e-08,0,1,4.37114e-08,0,1,4.37114e-08,0,1,4.37114e-08,0]},"texCoord0":{"type":"float32","components":2,"data":[0.25,0.53125,0,0.5,0.25,0.5,0,0.53125,0.5,0.5,0.25,0.53125,0.25,0.5,0.5,0.53125,0.75,0.53125,0.5,0.53125,0.5,0.5,0.75,0.5,1,0.53125,0.75,0.5,1,0.5,0.75,0.53125,0.25,0.5625,0,0.5625,0.25,0.5625,0.5,0.5625,0.75,0.5625,0.5,0.5625,1,0.5625,0.75,0.5625,0.25,0.59375,0,0.59375,0.5,0.59375,0.25,0.59375,0.75,0.59375,0.5,0.59375,0.75,0.59375,1,0.59375,0.25,0.625,0,0.625,0.25,0.625,0.5,0.625,0.75,0.625,0.5,0.625,1,0.625,0.75,0.625,0.25,0.65625,0,0.65625,0.25,0.65625,0.5,0.65625,0.75,0.65625,0.5,0.65625,0.75,0.65625,1,0.65625,0.25,0.6875,0,0.6875,0.25,0.6875,0.5,0.6875,0.75,0.6875,0.5,0.6875,1,0.6875,0.75,0.6875,0.25,0.71875,0,0.71875,0.25,0.71875,0.5,0.71875,0.75,0.71875,0.5,0.71875,1,0.71875,0.75,0.71875,0.25,0.75,0,0.75,0.5,0.75,0.25,0.75,0.75,0.75,0.5,0.75,0.75,0.75,1,0.75,0.25,0.78125,0,0.78125,0.25,0.78125,0.5,0.78125,0.75,0.78125,0.5,0.78125,1,0.78125,0.75,0.78125,0.25,0.8125,0,0.8125,0.25,0.8125,0.5,0.8125,0.75,0.8125,0.5,0.8125,1,0.8125,0.75,0.8125,0.25,0.84375,0,0.84375,0.5,0.84375,0.25,0.84375,0.75,0.84375,0.5,0.84375,0.75,0.84375,1,0.84375,0.25,0.875,0,0.875,0.5,0.875,0.25,0.875,0.75,0.875,0.5,0.875,0.75,0.875,1,0.875,0.25,0.90625,0,0.90625,0.25,0.90625,0.5,0.90625,0.75,0.90625,0.5,0.90625,1,0.90625,0.75,0.90625,0.25,0.9375,0,0.9375,0.5,0.9375,0.25,0.9375,0.75,0.9375,0.5,0.9375,0.75,0.9375,1,0.9375,0.25,0.96875,0,0.96875,0.25,0.96875,0.5,0.96875,0.75,0.96875,0.5,0.96875,1,0.96875,0.75,0.96875,0.25,1,0,1,0.25,1,0.5,1,0.75,1,0.5,1,0.75,1,1,1,0,0.53125,1,0.5,0.25,0.53125,0.5,0.53125,0.5,0.5,0.75,0.5,0.25,0.5,0,0.5]}}],"meshes":[{"aabb":{"min":[-27.7487,-27.7487,-34.0748],"max":[2.09497e-06,27.7487,34.0748]},"vertices":0,