{"animation":{"version":4,"name":"Take 001","duration":1.17549e-38,"nodes":[{"name":"Object013","defaults":{"p":[0,-2.38974,-1.04459e-07],"r":[-90,-3.50835e-15,90],"s":[0.764184,0.806489,1.02978]},"keys":[{"t":0}]}]}}