{"model":{"version":3,"nodes":[{"name":"RootNode","position":[0,0,0],"rotation":[0,0,0],"scale":[0.01,0.01,0.01],"scaleCompensation":false},{"name":"NGon06","position":[0,0,0],"rotation":[-90,-4.99951e-08,1.43982e-05],"scale":[1.60093,1.60094,2.0365],"scaleCompensation":false}],"parents":[-1,0],"skins":[],"morphs":[],"vertices":[{"position":{"type":"float32","components":3,"data":[-6.67356e-07,1.12199e-08,-11.9055,20.0482,8.30423,3.61445,21.7,2.71073e-07,3.61445,-6.67356e-07,1.12199e-08,-11.9055,15.3442,15.3442,3.61445,20.0482,8.30423,3.61445,-6.67356e-07,1.12199e-08,-11.9055,8.30423,20.0482,3.61445,15.3442,15.3442,3.61445,-6.67356e-07,1.12199e-08,-11.9055,-3.56956e-06,21.7,3.61445,8.30423,20.0482,3.61445,-6.67356e-07,1.12199e-08,-11.9055,-8.30423,20.0482,3.61445,-3.56956e-06,21.7,3.61445,-6.67356e-07,1.12199e-08,-11.9055,-15.3442,15.3442,3.61445,-8.30423,20.0482,3.61445,-6.67356e-07,1.12199e-08,-11.9055,-20.0482,8.30423,3.61445,-15.3442,15.3442,3.61445,-6.67356e-07,1.12199e-08,-11.9055,-21.7,-1.626e-06,3.61445,-20.0482,8.30423,3.61445,-6.67356e-07,1.12199e-08,-11.9055,-20.0482,-8.30423,3.61445,-21.7,-1.626e-06,3.61445,-6.67356e-07,1.12199e-08,-11.9055,-15.3442,-15.3442,3.61445,-20.0482,-8.30423,3.61445,-6.67356e-07,1.12199e-08,-11.9055,-8.30423,-20.0482,3.61445,-15.3442,-15.3442,3.61445,-6.67356e-07,1.12199e-08,-11.9055,-2.36226e-06,-21.7,3.61445,-8.30423,-20.0482,3.61445,-6.67356e-07,1.12199e-08,-11.9055,8.30423,-20.0482,3.61445,-2.36226e-06,-21.7,3.61445,-6.67356e-07,1.12199e-08,-11.9055,15.3442,-15.3442,3.61445,8.30423,-20.0482,3.61445,-6.67356e-07,1.12199e-08,-11.9055,20.0482,-8.30423,3.61445,15.3442,-15.3442,3.61445,-6.67356e-07,1.12199e-08,-11.9055,21.7,2.71073e-07,3.61445,20.0482,-8.30423,3.61445,-10.4022,-10.5552,9.79534,-4.22092,-10.5552,11.9055,-10.4022,-4.37391,11.9055,21.7,3.16801e-07,4.70216,20.0482,8.30423,3.61445,20.0482,8.30423,4.70216,21.7,2.71073e-07,3.61445,20.0482,8.30423,4.70216,15.3442,15.3442,3.61445,15.3442,15.3442,4.70216,20.0482,8.30423,3.61445,8.30423,20.0482,4.70216,15.3442,15.3442,4.70216,15.3442,15.3442,3.61445,8.30423,20.0482,3.61445,8.30423,20.0482,4.70216,-3.56956e-06,21.7,3.61445,-3.69414e-06,21.7,4.70216,8.30423,20.0482,3.61445,-3.69414e-06,21.7,4.70216,-8.30423,20.0482,3.61445,-8.30424,20.0482,4.70216,-3.56956e-06,21.7,3.61445,-8.30424,20.0482,4.70216,-15.3442,15.3442,3.61445,-15.3442,15.3442,4.70216,-8.30423,20.0482,3.61445,-20.0482,8.30423,4.70216,-15.3442,15.3442,4.70216,-15.3442,15.3442,3.61445,-20.0482,8.30423,3.61445,-21.7,-1.58027e-06,4.70216,-20.0482,8.30423,4.70216,-20.0482,8.30423,3.61445,-21.7,-1.626e-06,3.61445,-20.0482,-8.30423,4.70216,-21.7,-1.58027e-06,4.70216,-21.7,-1.626e-06,3.61445,-20.0482,-8.30423,3.61445,-20.0482,-8.30423,4.70216,-15.3442,-15.3442,3.61445,-15.3442,-15.3442,4.70216,-20.0482,-8.30423,3.61445,-8.30423,-20.0482,4.70216,-15.3442,-15.3442,4.70216,-15.3442,-15.3442,3.61445,-8.30423,-20.0482,3.61445,-2.48684e-06,-21.7,4.70216,-8.30423,-20.0482,4.70216,-8.30423,-20.0482,3.61445,-2.36226e-06,-21.7,3.61445,8.30423,-20.0482,4.70216,-2.48684e-06,-21.7,4.70216,-2.36226e-06,-21.7,3.61445,8.30423,-20.0482,3.61445,8.30423,-20.0482,4.70216,15.3442,-15.3442,3.61445,15.3442,-15.3442,4.70216,8.30423,-20.0482,3.61445,20.0482,-8.30423,4.70216,15.3442,-15.3442,4.70216,15.3442,-15.3442,3.61445,20.0482,-8.30423,3.61445,20.0482,-8.30423,4.70216,21.7,2.71073e-07,3.61445,21.7,3.16801e-07,4.70216,20.0482,-8.30423,3.61445,20.0482,8.30423,4.70216,15.3442,15.3442,4.70216,10.7019,10.5489,9.79534,20.0482,8.30423,4.70216,8.30423,20.0482,4.70216,-3.69414e-06,21.7,4.70216,-8.42295e-06,14.9197,9.79534,-15.3442,15.3442,4.70216,-8.30423,20.0482,4.70216,-8.30424,20.0482,4.70216,-10.4022,10.5489,9.79534,-10.4022,-4.37391,11.9055,-20.0482,-8.30423,4.70216,-10.4022,-10.5552,9.79534,-14.7099,0.313744,9.79534,-8.30422,-20.0482,4.70217,-2.48684e-06,-21.7,4.70216,-1.43492e-07,-14.926,9.79534,-8.30423,-20.0482,4.70216,15.3442,-15.3442,4.70216,8.30423,-20.0482,4.70216,8.30423,-20.0482,4.70216,10.7019,-10.5551,9.79534,20.0482,-8.30423,4.70216,21.7,3.16801e-07,4.70216,15.0727,-0.00310556,9.79534,-10.4022,10.5489,9.79534,-10.4022,4.36769,11.9055,-4.22092,10.5489,11.9055,10.7019,10.5489,9.79534,4.52067,10.5489,11.9055,10.7019,4.36769,11.9055,10.7019,-10.5551,9.79534,10.7019,-4.3739,11.9055,4.52068,-10.5552,11.9055,4.52067,10.5489,11.9055,-1.08025e-06,-10.5552,11.9055,4.52068,-10.5552,11.9055,-7.28748e-06,10.5489,11.9055,10.7019,-4.3739,11.9055,15.0727,-0.00310556,9.79534,10.7019,4.36769,11.9055,4.52067,10.5489,11.9055,-8.42295e-06,14.9197,9.79534,-7.28748e-06,10.5489,11.9055,-10.4022,4.36769,11.9055,-14.7099,0.313744,9.79534,-10.4022,-4.37391,11.9055,-1.43492e-07,-14.926,9.79534,4.52068,-10.5552,11.9055,-1.08025e-06,-10.5552,11.9055,-8.42295e-06,14.9197,9.79534,-3.69414e-06,21.7,4.70216,-8.30424,20.0482,4.70216,-20.0482,8.30423,4.70216,-20.0482,8.30422,4.70216,-10.4022,10.5489,9.79534,-21.7,-1.58027e-06,4.70216,-20.0482,8.30422,4.70216,-20.0482,8.30423,4.70216,-14.7099,0.313744,9.79534,-14.7099,0.313744,9.79534,-21.7,-1.58027e-06,4.70216,-20.0482,-8.30423,4.70216,-10.4022,-10.5552,9.79534,-15.3442,-15.3442,4.70216,-8.30423,-20.0482,4.70216,-1.43492e-07,-14.926,9.79534,-2.48684e-06,-21.7,4.70216,8.30423,-20.0482,4.70216,10.7019,-10.5551,9.79534,15.3442,-15.3442,4.70216,20.0482,-8.30423,4.70216,15.0727,-0.00310556,9.79534,21.7,3.16801e-07,4.70216,20.0482,8.30423,4.70216,10.7019,10.5489,9.79534,15.3442,15.3442,4.70216,8.30423,20.0482,4.70216,-8.30422,-20.0482,4.70217,-4.22092,-10.5552,11.9055,-10.4022,-10.5552,9.79534,-8.30423,-20.0482,4.70216,-1.43492e-07,-14.926,9.79534,-20.0482,8.30423,4.70216,-10.4022,10.5489,9.79534,-15.3442,15.3442,4.70216,-15.3442,-15.3442,4.70216,-10.4022,-10.5552,9.79534,-20.0482,-8.30423,4.70216,15.0727,-0.00310556,9.79534,20.0482,8.30423,4.70216,20.0482,8.30423,4.70216,10.7019,10.5489,9.79534,10.7019,4.36769,11.9055,4.52067,10.5489,11.9055,8.30423,20.0482,4.70216,-8.42295e-06,14.9197,9.79534,10.7019,10.5489,9.79534,-8.42295e-06,14.9197,9.79534,-8.30424,20.0482,4.70216,-8.30423,20.0482,4.70216,-4.22092,10.5489,11.9055,-10.4022,10.5489,9.79534,4.52068,-10.5552,11.9055,8.30423,-20.0482,4.70216,10.7019,-10.5551,9.79534,-1.43492e-07,-14.926,9.79534,8.30423,-20.0482,4.70216,20.0482,-8.30423,4.70216,10.7019,-4.3739,11.9055,10.7019,-10.5551,9.79534,15.0727,-0.00310556,9.79534,-20.0482,8.30422,4.70216,-10.4022,4.36769,11.9055,-10.4022,10.5489,9.79534,-14.7099,0.313744,9.79534,-8.42295e-06,14.9197,9.79534,-4.22092,10.5489,11.9055,-7.28748e-06,10.5489,11.9055,-4.22092,10.5489,11.9055,-10.4022,-4.37391,11.9055,-4.22092,-10.5552,11.9055,-10.4022,4.36769,11.9055,-4.22092,-10.5552,11.9055,10.7019,4.36769,11.9055,10.7019,-4.3739,11.9055]},"normal":{"type":"float32","components":3,