{"model":{"version":3,"nodes":[{"name":"RootNode","position":[0,0,0],"rotation":[0,0,0],"scale":[0.01,0.01,0.01],"scaleCompensation":false},{"name":"sand01_m_root","position":[0,0,0],"rotation":[0,0,0],"scale":[1,1,1],"scaleCompensation":false},{"name":"default","position":[0,0,0],"rotation":[0,0,0],"scale":[1,1,1],"scaleCompensation":false}],"parents":[-1,0,1],"skins":[],"morphs":[],"vertices":[{"position":{"type":"float32","components":3,"data":[-0.866025,0,-0.5,-1,0,0,-0.516881,0.140985,-0.145688,-0.172141,0.140985,-0.522497,0.67919,0,0.483225,0.324925,0.140985,0.223103,0.06107,0,0.895555,0.777441,0,-0.241982,0.315132,0,-0.794856,-0.256377,0,-0.976763,-0.236279,0.140985,0.351378,-0.696228,0,0.684563,0.268804,0.140985,-0.253657,-0.074089,0.230703,-0.058612]},"normal":{"type":"float32","components":3,"data":[-0.2443,0.9564,-0.1601,-0.2626,0.9643,0.0348,-0.2285,0.9731,-0.0278,-0.0352,0.9711,-0.2362,0.2572,0.952,0.1657,0.2009,0.9715,0.1253,0.0395,0.9643,0.2618,0.2893,0.9537,-0.0815,0.1682,0.9515,-0.2576,-0.0519,0.9565,-0.2872,-0.0937,0.9756,0.1985,-0.1681,0.9695,0.1781,0.2174,0.9654,-0.1442,0.0007,1,0.0004]},"texCoord0":{"type":"float32","components":2,"data":[0.106657,0.926292,0.096965,0.937287,0.092593,0.923422,0.095879,0.909901,0.059575,0.90558,0.071564,0.909982,0.059575,0.926419,0.074886,0.891906,0.095048,0.893956,0.10818,0.90461,0.0771,0.924647,0.076269,0.940794,0.083162,0.903969,0.083935,0.91472]}}],"meshes":[{"aabb":{"min":[-1,0,-0.976763],"max":[0.777441,0.230703,0.895555]},"vertices":0,"indices":[0,1,2,0,2,3,4,5,6,5,4,7,8,9,3,10,2,1,6,10,11,5,10,6,12,7,8,3,2,13,2,10,13,10,5,13,5,12,13,12,3,13,12,5,7,3,12,8,9,0,3,11,10,1],"type":"triangles","base":0,"count":54}],"meshInstances":[{"node":2,"mesh":0}]}}