{"model":{"version":3,"nodes":[{"name":"RootNode","position":[0,0,0],"rotation":[0,0,0],"scale":[0.01,0.01,0.01],"scaleCompensation":false},{"name":"Box001","position":[0,0,0],"rotation":[-90,-0,0],"scale":[0.736391,0.736391,0.736391],"scaleCompensation":false}],"parents":[-1,0],"skins":[],"morphs":[],"vertices":[{"position":{"type":"float32","components":3,"data":[3.57628e-07,-1.5,0,-3,-1.5,0,3.57628e-07,1.5,0,-3,1.5,0,3.57628e-07,1.5,3,-3,1.5,3,-3,-1.5,3,3.57628e-07,-1.5,3,3.57628e-07,-1.5,3,-3,-1.5,3,-3,-1.5,0,3.57628e-07,-1.5,0,3.57628e-07,1.5,3,3.57628e-07,-1.5,3,3.57628e-07,-1.5,0,3.57628e-07,1.5,0,-3,1.5,3,3.57628e-07,1.5,3,3.57628e-07,1.5,0,-3,1.5,0,-3,-1.5,3,-3,1.5,3,-3,1.5,0,-3,-1.5,0]},"normal":{"type":"float32","components":3,"data":[0,0,-1,0,0,-1,0,0,-1,0,0,-1,0,0,1,0,0,1,0,0,1,0,0,1,0,-1,0,0,-1,0,0,-1,0,0,-1,0,1,0,0,1,0,0,1,0,0,1,0,0,0,1,0,0,1,0,0,1,0,0,1,0,-1,0,0,-1,0,0,-1,0,0,-1,0,0]},"texCoord0":{"type":"float32","components":2,"data":[0,0,1,0,0,1,1,1,1,1,0,1,0,0,1,0,1,1,0,1,0,0,1,0,1,1,0,1,0,0,1,0,1,1,0,1,0,0,1,0,1,1,0,1,0,0,1,0]}}],"meshes":[{"aabb":{"min":[-3,-1.5,0],"max":[3.57628e-07,1.5,3]},"vertices":0,"indices":[0,1,2,1,3,2,4,5,6,4,6,7,8,9,10,8,10,11,16,17,18,16,18,19,20,21,22,20,22,23],"type":"triangles","base":0,"count":30},{"aabb":{"min":[-3,-1.5,0],"max":[3.57628e-07,1.5,3]},"vertices":0,"indices":[12,13,14,12,14,15],"type":"triangles","base":0,"count":6}],"meshInstances":[{"node":1,"mesh":0},{"node":1,"mesh":1}]}}