{"model":{"version":3,"nodes":[{"name":"RootNode","position":[0,0,0],"rotation":[0,0,0],"scale":[0.01,0.01,0.01],"scaleCompensation":false},{"name":"sand02_m_root","position":[0,0,0],"rotation":[0,0,0],"scale":[1,1,1],"scaleCompensation":false},{"name":"default","position":[0,0,0],"rotation":[0,0,0],"scale":[1,1,1],"scaleCompensation":false}],"parents":[-1,0,1],"skins":[],"morphs":[],"vertices":[{"position":{"type":"float32","components":3,"data":[-1.16912,0,-0.410355,-1.35777,0,-0.011371,-0.855246,0.140985,-0.309744,-0.172141,0.140985,-0.522497,1.00661,0,0.374227,0.576135,0.140985,0.238483,0.73037,-0.000178,0.838526,1.14496,0,-0.204464,0.494003,0,-0.645641,-0.31071,0,-0.790797,-0.482363,0.140985,0.351378,-1.29819,-0.000852,0.797572,-0.69099,0.116157,0.872901,0.124003,0.146601,0.594952,0.453367,0.140985,-0.345938,-0.458595,0.283857,-0.166273,-0.08274,0.001429,1.02206,-0.982837,-0.001932,1.23717,-0.519356,-0.002015,1.33345]},"normal":{"type":"float32","components":3,"data":[-0.3039,0.9104,-0.2806,-0.2263,0.974,0.0048,-0.2466,0.935,-0.2548,0.0073,0.9093,-0.416,0.2776,0.9543,0.1108,0.1792,0.9807,0.0772,0.1751,0.9588,0.2235,0.2524,0.9643,-0.08,0.1723,0.8942,-0.4132,-0.0735,0.8979,-0.4339,-0.0884,0.9864,0.1382,-0.183,0.9819,0.0476,-0.0399,0.9923,0.1168,0.0194,0.9828,0.1834,0.1779,0.9557,-0.2345,-0.1409,0.9882,-0.0601,0.0583,0.9685,0.2421,-0.1366,0.9692,0.2047,0.0513,0.9718,0.2302]},"texCoord0":{"type":"float32","components":2,"data":[0.017335,0.958989,0.016715,0.946599,0.027135,0.959451,0.041011,0.972495,0.081511,0.963669,0.068338,0.961918,0.079919,0.948348,0.077913,0.980325,0.055966,0.984216,0.03411,0.978325,0.043231,0.946768,0.027074,0.926257,0.043673,0.931286,0.061218,0.947799,0.058386,0.975235,0.038781,0.960282,0.061297,0.933944,0.040155,0.918343,0.053304,0.920974]}}],"meshes":[{"aabb":{"min":[-1.35777,-0.002015,-0.790797],"max":[1.14496,0.283857,1.33345]},"vertices":0,"indices":[0,1,2,0,2,3,4,5,6,5,4,7,8,9,3,10,2,1,10,11,12,5,10,13,14,7,8,3,2,15,2,10,15,10,5,15,5,14,15,14,3,15,14,5,7,3,14,8,9,0,3,11,10,1,6,5,13,6,13,16,12,11,17,13,10,16,16,10,12,16,12,18,18,12,17],"type":"triangles","base":0,"count":75}],"meshInstances":[{"node":2,"mesh":0}]}}