{"model":{"version":3,"nodes":[{"name":"RootNode","position":[0,0,0],"rotation":[0,0,0],"scale":[0.01,0.01,0.01],"scaleCompensation":false},{"name":"Box002","position":[0,0,0],"rotation":[-90,-0,0],"scale":[0.736391,0.736391,0.736391],"scaleCompensation":false}],"parents":[-1,0],"skins":[],"morphs":[],"vertices":[{"position":{"type":"float32","components":3,"data":[-2.8,1.3,0,3.57628e-07,1.3,0,3.57628e-07,-1.3,0,-2.8,-1.3,0,3.57628e-07,-1.3,3,3.57628e-07,1.3,3,-2.8,1.3,3,-2.8,-1.3,3,3.57628e-07,-1.5,0.2,3.57628e-07,-1.5,2.8,-2.8,-1.5,2.8,-2.8,-1.5,0.2,3.57628e-07,-1.4875,0.1125,3.57628e-07,-1.45,0.05,3.57628e-07,-1.3875,0.0125,3.57628e-07,-1.3,0,3.57628e-07,1.3,0,3.57628e-07,1.3875,0.0125,3.57628e-07,1.45,0.05,3.57628e-07,1.4875,0.1125,3.57628e-07,1.5,0.2,3.57628e-07,1.5,2.8,3.57628e-07,1.4875,2.8875,3.57628e-07,1.45,2.95,3.57628e-07,1.3875,2.9875,3.57628e-07,1.3,3,3.57628e-07,-1.3,3,3.57628e-07,-1.3875,2.9875,3.57628e-07,-1.45,2.95,3.57628e-07,-1.4875,2.8875,3.57628e-07,-1.5,2.8,3.57628e-07,-1.5,0.2,-2.8,1.5,0.2,-2.8,1.5,2.8,3.57628e-07,1.5,2.8,3.57628e-07,1.5,0.2,-3,-1.3,0.2,-3,-1.3,2.8,-3,1.3,2.8,-3,1.3,0.2,-2.8,-1.3875,0.0125,-2.88125,-1.38125,0.025,-2.8875,-1.3,0.0125,-2.94375,-1.36875,0.05625,-2.95,-1.3,0.05,-2.8,-1.45,0.05,-2.86875,-1.44375,0.05625,-2.925,-1.425,0.075,-2.8875,1.3,0.0125,-2.88125,1.38125,0.025,-2.8,1.3875,0.0125,-2.86875,1.44375,0.05625,-2.8,1.45,0.05,-2.95,1.3,0.05,-2.94375,1.36875,0.05625,-2.925,1.425,0.075,-2.8875,-1.3,2.9875,-2.88125,-1.38125,2.975,-2.8,-1.3875,2.9875,-2.86875,-1.44375,2.94375,-2.8,-1.45,2.95,-2.95,-1.3,2.95,-2.94375,-1.36875,2.94375,-2.925,-1.425,2.925,-2.8,1.3875,2.9875,-2.88125,1.38125,2.975,-2.8875,1.3,2.9875,-2.94375,1.36875,2.94375,-2.95,1.3,2.95,-2.8,1.45,2.95,-2.86875,1.44375,2.94375,-2.925,1.425,2.925,-2.8875,-1.4875,0.2,-2.88125,-1.475,0.11875,-2.8,-1.4875,0.1125,-2.86875,-1.44375,0.05625,-2.8,-1.45,0.05,-2.95,-1.45,0.2,-2.94375,-1.44375,0.13125,-2.925,-1.425,0.075,-2.8,-1.4875,2.8875,-2.88125,-1.475,2.88125,-2.8875,-1.4875,2.8,-2.94375,-1.44375,2.86875,-2.95,-1.45,2.8,-2.8,-1.45,2.95,-2.86875,-1.44375,2.94375,-2.925,-1.425,2.925,-2.8,1.4875,0.1125,-2.88125,1.475,0.11875,-2.8875,1.4875,0.2,-2.94375,1.44375,0.13125,-2.95,1.45,0.2,-2.8,1.45,0.05,-2.86875,1.44375,0.05625,-2.925,1.425,0.075,-2.8875,1.4875,2.8,-2.88125,1.475,2.88125,-2.8,1.4875,2.8875,-2.86875,1.44375,2.94375,-2.8,1.45,2.95,-2.95,1.45,2.8,-2.94375,1.44375,2.86875,-2.925,1.425,2.925,-2.9875,1.3875,0.2,-2.975,1.38125,0.11875,-2.9875,1.3,0.1125,-2.94375,1.36875,0.05625,-2.95,1.3,0.05,-2.95,1.45,0.2,-2.94375,1.44375,0.13125,-2.925,1.425,0.075,-2.9875,-1.3,0.1125,-2.975,-1.38125,0.11875,-2.9875,-1.3875,0.2,-2.94375,-1.44375,0.13125,-2.95,-1.45,0.2,-2.95,-1.3,0.05,-2.94375,-1.36875,0.05625,-2.9875,-1.3875,2.8,-2.975,-1.38125,2.88125,-2.9875,-1.3,2.8875,-2.94375,-1.36875,2.94375,-2.95,-1.3,2.95,-2.95,-1.45,2.8,-2.94375,-1.44375,2.86875,-2.925,-1.425,2.925,-2.9875,1.3,2.8875,-2.975,1.38125,2.88125,-2.9875,1.3875,2.8,-2.94375,1.44375,2.86875,-2.95,1.45,2.8,-2.95,1.3,2.95,-2.94375,1.36875,2.94375,3.57628e-07,1.3875,0.0125,3.57628e-07,1.45,0.05,3.57628e-07,-1.3875,0.0125,3.57628e-07,-1.45,0.05,3.57628e-07,-1.3875,2.9875,3.57628e-07,-1.45,2.95,3.57628e-07,1.3875,2.9875,3.57628e-07,1.45,2.95,3.57628e-07,-1.4875,0.1125,3.57628e-07,-1.45,0.05,3.57628e-07,-1.4875,2.8875,3.57628e-07,-1.45,2.95,3.57628e-07,1.4875,0.1125,3.57628e-07,1.45,0.05,3.57628e-07,1.4875,2.8875,3.57628e-07,1.45,2.95]},"normal":{"type":"float32","components":3,"data":[-0.0730838,0.0730838,-0.994644,1.61736e-10,0.0708889,-0.997484,0,-0.070889,-0.997484,-0.0730838,-0.0730838,-0.994644,0,-0.0708892,0.997484,0,0.0708892,0.997484,-0.0730841,0.0730841,0.994644,-0.0730841,-0.0730841,0.994644,0,-0.997484,-0.0708892,0,-0.997484,0.0708892,-0.0730838,-0.994644,0.0730837,-0.0730838,-0.994644,-0.0730838,1,0,0,1,0,0,1,0,0,1,0,0,1,0,0,1,0,0,1,0,0,1,0,0,1,0,0,1,0,0,1,0,0,1,0,0,1,0,0,1,0,0,1,0,0,1,0,0,1,0,0,1,0,0,1,0,0,1,0,0,-0.0730837,0.994644,-0.0730838,-0.0730837,0.994644,0.0730837,0,0.997484,0.0708892,0,0.997484,-0.0708893,-0.994644,-0.0730837,-0.0730838,-0.994644,-0.0730837,0.0730837,-0.994644,0.0730837,0.0730838,-0.994644,0.0730838,-0.0730838,-0.0777701,-0.329496,-0.940948,-0.314601,-0.314601,-0.895574,-0.329496,-0.07777,-0.940948,-0.680688,-0.270788,-0.680689,-0.70569,-0.0632687,-0.70569,-0.0632687,-0.705691,-0.70569,-0.270788,-0.680688,-0.680689,-0.57735,-0.577351,-0.57735,-0.329496,0.0777701,-0.940948,-0.314601,0.314601,-0.895574,-0.0777701,0.329496,-0.940948,-0.270788,0.680688,-0.680689,-0.0632687,0.705691,-0.70569,-0.705691,0.0632687,-0.70569,-0.680688,0.270788,-0.680689,-0.577351,0.57735,-0.57735,-0.329496,-0.0777703,0.940949,-0.314601,-0.314601,0.895574,-0.0777703,-0.329496,0.940949,-0.270789,-0.680688,0.680688,-0.0632683,-0.70569,0.70569,-0.70569,-0.0632683,0.70569,-0.680688,-0.270789,0.680689,-0.57735,-0.57735,0.57735,-0.0777704,0.329496,0.940949,-0.314601,0.314601,0.895574,-0.329496,0.0777703,0.940949,-0.680688,0.270789,0.680688,-0.70569,0.0632683,0.70569,-0.0632683,0.70569,0.70569,-0.270789,0.680688,0.680689,-0.57735,0.57735,0.57735,-0.329496,-0.940948,-0.0777697,-0.314601,-0.895574,-0.314601,-0.0777695,-0.940949,-0.329497,-0.270788,-0.680688,-0.680689,-0.0632687,-0.705691,-0.70569,-0.70569,-0.70569,-0.0632695,-0.680688,-0.680689,-0.270788,-0.57735,-0.577351,-0.57735,-0.0777693,-0.940949,0.329496,-0.314602,-0.895574,0.3146,-0.329496,-0.940948,0.0777696,-0.680688,-0.680689,0.270788,-0.70569,-0.70569,0.0632695,-0.0632683,-0.70569,0.70569,-0.270789,-0.680688,0.680688,-0.57735,-0.57735,0.57735,-0.0777694,0.940948,-0.329496,-0.314601,0.895574,-0.314601,-0.329496,0.940948,-0.0777696,-0.680689,0.680688,-0.270788,-0.70569,0.70569,-0.0632695,-0.0632687,0.705691,-0.70569,-0.270788,0.680688,-0.680689,-0.577351,0.57735,-0.57735,-0.329496,0.940948,0.0777695,-0.314601,0.895574,0.3146,-0.0777691,0.940949,0.329496,-0.270789,0.680688,0.680689,-0.0632683,0.70569,0.70569,-0.70569,0.70569,0.0632695,-0.680689,0.680689,0.270788,-0.57735,0.57735,0.57735,-0.940948,0.329496,-0.0777697,-0.895574,0.314601,-0.314601,-0.940948,0.0777695,-0.329496,-0.680688,0.270788,-0.680689,-0.705691,0.0632687,-0.70569,-0.70569,0.70569,-0.0632695,-0.680689,0.680688,-0.270788,-0.577351,0.57735,-0.57735,-0.940948,-0.0777694,-0.329496,-0.895574,-0.314601,-0.314601,-0.940948,-0.329496,-0.0777696,-0.680688,-0.680689,-0.270788,-0.70569,-0.70569,-0.0632695,-0.70569,-0.0632687,-0.70569,-0.680688,-0.270788,-0.680689,-0.940948,-0.329496,0.0777695,-0.895574,-0.314601,0.3146,-0.940949,-0.0777691,0.329496,-0.680688,-0.270789,0.680689,-0.70569,-0.0632683,0.70569,-0.70569,-0.70569,0.0632695,-0.680688,-0.680689,0.270788,-0.57735,-0.57735,0.57735,-0.940949,0.0777693,0.329496,-0.895574,0.314602,0.3146,-0.940948,0.329496,0.0777696,-0.680689,0.680689,0.270788,-0.70569,0.70569,0.0632695,-0.70569,0.0632683,0.70569,-0.680688,0.270789,0.680688,1.7037e-10,0.334579,-0.942368,0,0.707107,-0.707106,1.4886e-10,-0.334579,-0.942368,1.44561e-10,-0.707107,-0.707106,0,-0.334578,0.942368,0,-0.707107,0.707107,0,0.334579,0.942368,0,0.707107,0.707107,0,-0.942368,-0.334579,1.44561e-10,-0.707107,-0.707106,0,-0.942368,0.334579,0,-0.707107,0.707107,0,0.942368,-0.334579,0,0.707107,-0.707106,0,0.942368,0.334578,0,0.707107,0.707107]},"texCoord0":{"type":"float32","components":2,